,A,B,t_off,t_w,mse
0,-0.500000,0.700000,18.000000,10.000000,46266.964924
1,-0.500000,0.700000,18.000000,10.000000,46266.962873
2,-0.500000,0.700000,18.000000,10.000000,46266.960887
3,-0.500000,0.700000,18.000000,10.000000,46266.964862
4,-0.500000,0.700000,18.000000,10.000000,46266.964910
5,2.000000,10.000000,30.000000,30.000000,9251796.992207
6,2.000000,10.000000,30.000000,30.000000,9251796.992112
7,2.000000,10.000000,30.000000,30.000000,9251796.992385
8,2.000000,10.000000,30.000000,30.000000,9251796.992199
9,2.000000,10.000000,30.000000,30.000000,9251796.992212
10,-0.339587,1.296736,18.769981,11.283302,7672275.196305
11,-0.339587,1.296736,18.769981,11.283302,7672275.217161
12,-0.339587,1.296736,18.769981,11.283302,7672275.228330
13,-0.339587,1.296736,18.769981,11.283302,7672275.196527
14,-0.339587,1.296736,18.769981,11.283302,7672275.196381
15,-0.498931,0.703975,18.005129,10.008548,44355.308006
16,-0.498931,0.703975,18.005129,10.008548,44355.305874
17,-0.498931,0.703975,18.005129,10.008548,44355.303775
18,-0.498931,0.703975,18.005129,10.008548,44355.307941
19,-0.498931,0.703975,18.005129,10.008548,44355.307992
20,-0.497829,0.708076,18.010420,10.017367,42297.481268
21,-0.497829,0.708076,18.010420,10.017367,42297.479074
22,-0.497829,0.708076,18.010420,10.017367,42297.476866
23,-0.497829,0.708076,18.010420,10.017367,42297.481200
24,-0.497829,0.708076,18.010420,10.017367,42297.481253
25,-0.418708,1.002406,18.390201,10.650335,3692356.525722
26,-0.418708,1.002406,18.390201,10.650335,3692356.660599
27,-0.418708,1.002406,18.390201,10.650335,3692356.772336
28,-0.418708,1.002406,18.390201,10.650335,3692356.528362
29,-0.418708,1.002406,18.390201,10.650335,3692356.526173
30,-0.495997,0.714890,18.019213,10.032022,38745.208961
31,-0.495997,0.714890,18.019213,10.032022,38745.206757
32,-0.495997,0.714890,18.019213,10.032022,38745.204406
33,-0.495997,0.714890,18.019213,10.032022,38745.208889
34,-0.495997,0.714890,18.019213,10.032022,38745.208946
35,-0.494067,0.722069,18.028476,10.047461,35015.537760
36,-0.494067,0.722069,18.028476,10.047461,35015.535773
37,-0.494067,0.722069,18.028476,10.047461,35015.533399
38,-0.494067,0.722069,18.028476,10.047461,35015.537688
39,-0.494067,0.722069,18.028476,10.047461,35015.537745
40,-0.456388,0.862237,18.209339,10.348898,581557.500207
41,-0.456388,0.862237,18.209339,10.348898,581557.552472
42,-0.456388,0.862237,18.209339,10.348898,581557.592379
43,-0.456388,0.862237,18.209339,10.348898,581557.501277
44,-0.456388,0.862237,18.209339,10.348898,581557.500414
45,-0.490943,0.733692,18.043473,10.072455,30293.610055
46,-0.490943,0.733692,18.043473,10.072455,30293.609485
47,-0.490943,0.733692,18.043473,10.072455,30293.607772
48,-0.490943,0.733692,18.043473,10.072455,30293.610004
49,-0.490943,0.733692,18.043473,10.072455,30293.610046
50,-0.494237,0.784217,18.104651,10.173583,74381.706313
51,-0.494236,0.784217,18.104651,10.173583,74381.718606
52,-0.494237,0.784217,18.104651,10.173583,74381.726554
53,-0.494237,0.784217,18.104651,10.173583,74381.706553
54,-0.494237,0.784217,18.104651,10.173583,74381.706368
55,-0.491290,0.739017,18.049922,10.083115,29476.548880
56,-0.491290,0.739017,18.049922,10.083115,29476.549380
57,-0.491290,0.739017,18.049922,10.083115,29476.548313
58,-0.491290,0.739017,18.049922,10.083115,29476.548849
59,-0.491290,0.739017,18.049922,10.083115,29476.548876
60,-0.494363,0.742870,18.053929,10.089586,29172.959466
61,-0.494363,0.742870,18.053929,10.089586,29172.960486
62,-0.494363,0.742870,18.053929,10.089586,29172.959742
63,-0.494363,0.742870,18.053929,10.089586,29172.959445
64,-0.494363,0.742870,18.053929,10.089586,29172.959465
65,-0.506384,0.752694,18.063169,10.104244,28353.246760
66,-0.506384,0.752694,18.063169,10.104244,28353.248590
67,-0.506384,0.752694,18.063169,10.104244,28353.248341
68,-0.506384,0.752694,18.063169,10.104244,28353.246754
69,-0.506384,0.752694,18.063169,10.104244,28353.246762
70,-0.560617,0.790847,18.097290,10.157849,25384.262616
71,-0.560617,0.790847,18.097290,10.157849,25384.267028
72,-0.560617,0.790847,18.097290,10.157849,25384.268361
73,-0.560617,0.790847,18.097290,10.157849,25384.262665
74,-0.560617,0.790847,18.097290,10.157849,25384.262633
75,-0.689403,0.873512,18.168542,10.268970,20471.130931
76,-0.689403,0.873512,18.168542,10.268970,20471.139743
77,-0.689403,0.873512,18.168542,10.268970,20471.144712
78,-0.689403,0.873512,18.168542,10.268970,20471.131150
79,-0.689403,0.873512,18.168542,10.268970,20471.130995
80,-0.729430,0.891677,18.181247,10.287948,11644.486595
81,-0.729430,0.891677,18.181247,10.287948,11644.494347
82,-0.729430,0.891677,18.181247,10.287948,11644.499449
83,-0.729430,0.891677,18.181247,10.287948,11644.486832
84,-0.729430,0.891677,18.181247,10.287948,11644.486661
85,-0.759770,0.846608,18.117369,10.181265,42635.884855
86,-0.759770,0.846608,18.117369,10.181265,42635.882121
87,-0.759770,0.846608,18.117369,10.181265,42635.880246
88,-0.759770,0.846608,18.117369,10.181265,42635.884761
89,-0.759770,0.846608,18.117369,10.181265,42635.884826
90,-0.736019,0.881890,18.167375,10.264781,6566.425801
91,-0.736019,0.881890,18.167375,10.264781,6566.420160
92,-0.736019,0.881890,18.167375,10.264781,6566.416590
93,-0.736019,0.881890,18.167375,10.264781,6566.425630
94,-0.736019,0.881890,18.167375,10.264781,6566.425746
95,-0.729961,0.884032,18.171570,10.271984,3347.958779
96,-0.729961,0.884032,18.171570,10.271984,3347.960762
97,-0.729961,0.884032,18.171570,10.271984,3347.961861
98,-0.729961,0.884032,18.171570,10.271984,3347.958827
99,-0.729961,0.884032,18.171570,10.271984,3347.958787
100,-0.737147,0.886907,18.173379,10.274617,3402.854390
101,-0.737147,0.886907,18.173379,10.274617,3402.852570
102,-0.737147,0.886907,18.173379,10.274617,3402.852031
103,-0.737147,0.886907,18.173379,10.274617,3402.854359
104,-0.737147,0.886907,18.173379,10.274617,3402.854370
105,-0.733181,0.885320,18.172381,10.273164,3227.480991
106,-0.733181,0.885320,18.172381,10.273164,3227.481232
107,-0.733181,0.885320,18.172381,10.273164,3227.481582
108,-0.733181,0.885320,18.172381,10.273164,3227.481004
109,-0.733181,0.885320,18.172381,10.273164,3227.480986
110,-0.726541,0.880764,18.168351,10.266850,3394.836876
111,-0.726541,0.880764,18.168351,10.266850,3394.835984
112,-0.726541,0.880764,18.168351,10.266850,3394.834722
113,-0.726541,0.880764,18.168351,10.266850,3394.836815
114,-0.726541,0.880764,18.168351,10.266850,3394.836855
115,-0.731920,0.884455,18.171616,10.271965,3216.781239
116,-0.731920,0.884455,18.171616,10.271965,3216.781253
117,-0.731920,0.884455,18.171616,10.271965,3216.781278
118,-0.731920,0.884455,18.171616,10.271965,3216.781237
119,-0.731920,0.884455,18.171616,10.271965,3216.781231
120,-0.731906,0.884442,18.171620,10.271976,3216.745782
121,-0.731905,0.884442,18.171620,10.271976,3216.745786
122,-0.731906,0.884442,18.171620,10.271976,3216.745803
123,-0.731906,0.884442,18.171620,10.271976,3216.745779
124,-0.731906,0.884442,18.171620,10.271976,3216.745773
125,-0.731850,0.884392,18.171699,10.272125,3216.570342
126,-0.731850,0.884392,18.171699,10.272125,3216.570314
127,-0.731850,0.884392,18.171699,10.272125,3216.570302
128,-0.731850,0.884392,18.171699,10.272125,3216.570337
129,-0.731850,0.884392,18.171699,10.272125,3216.570333
130,-0.731782,0.884329,18.171921,10.272533,3216.245052
131,-0.731782,0.884329,18.171921,10.272533,3216.244989
132,-0.731782,0.884329,18.171921,10.272533,3216.244945
133,-0.731782,0.884329,18.171922,10.272533,3216.245046
134,-0.731782,0.884329,18.171921,10.272533,3216.245043
135,-0.731637,0.884188,18.172732,10.274003,3215.257836
136,-0.731637,0.884188,18.172732,10.274003,3215.257705
137,-0.731637,0.884188,18.172732,10.274003,3215.257602
138,-0.731637,0.884188,18.172732,10.274003,3215.257827
139,-0.731637,0.884188,18.172732,10.274003,3215.257826
140,-0.731371,0.883919,18.174947,10.277999,3212.817470
141,-0.731371,0.883919,18.174947,10.277999,3212.817237
142,-0.731371,0.883919,18.174947,10.277999,3212.817042
143,-0.731371,0.883919,18.174947,10.277999,3212.817458
144,-0.731371,0.883919,18.174947,10.277999,3212.817459
145,-0.730821,0.883336,18.181165,10.289184,3206.357896
146,-0.730821,0.883336,18.181165,10.289184,3206.357494
147,-0.730821,0.883336,18.181165,10.289184,3206.357149
148,-0.730821,0.883336,18.181165,10.289184,3206.357876
149,-0.730821,0.883336,18.181165,10.289184,3206.357883
150,-0.729679,0.882068,18.197472,10.318466,3190.054541
151,-0.729679,0.882068,18.197472,10.318466,3190.053877
152,-0.729679,0.882068,18.197472,10.318466,3190.053298
153,-0.729679,0.882068,18.197472,10.318466,3190.054511
154,-0.729679,0.882068,18.197472,10.318466,3190.054526
155,-0.727282,0.879297,18.238337,10.391772,3150.429340
156,-0.727282,0.879297,18.238337,10.391772,3150.428282
157,-0.727282,0.879297,18.238337,10.391772,3150.427347
158,-0.727282,0.879297,18.238337,10.391772,3150.429294
159,-0.727282,0.879297,18.238337,10.391772,3150.429321
160,-0.722719,0.873801,18.328586,10.553549,3065.214243
161,-0.722719,0.873801,18.328586,10.553549,3065.212668
162,-0.722719,0.873801,18.328586,10.553549,3065.211262
163,-0.722719,0.873801,18.328586,10.553549,3065.214177
164,-0.722719,0.873801,18.328586,10.553549,3065.214220
165,-0.715937,0.865186,18.485970,10.835491,2910.568670
166,-0.715937,0.865186,18.485970,10.835491,2910.566621
167,-0.715937,0.865186,18.485970,10.835491,2910.564786
168,-0.715937,0.865186,18.485970,10.835491,2910.568587
169,-0.715937,0.865186,18.485970,10.835491,2910.568643
170,-0.707012,0.853206,18.729599,11.271692,2678.052115
171,-0.707012,0.853206,18.729599,11.271692,2678.050007
172,-0.707012,0.853206,18.729599,11.271692,2678.048160
173,-0.707012,0.853206,18.729599,11.271692,2678.052036
174,-0.707012,0.853206,18.729599,11.271692,2678.052091
175,-0.492836,0.725952,19.251661,12.234415,26902.017613
176,-0.492836,0.725952,19.251661,12.234415,26902.020236
177,-0.492836,0.725952,19.251661,12.234415,26902.020593
178,-0.492836,0.725952,19.251661,12.234415,26902.017625
179,-0.492836,0.725952,19.251661,12.234415,26902.017622
180,-0.704570,0.851755,18.735552,11.282671,2690.647334
181,-0.704570,0.851755,18.735552,11.282671,2690.645735
182,-0.704570,0.851755,18.735552,11.282671,2690.643897
183,-0.704570,0.851755,18.735552,11.282671,2690.647257
184,-0.704570,0.851755,18.735552,11.282671,2690.647313
185,-0.706367,0.852823,18.731171,11.274592,2676.165216
186,-0.706367,0.852823,18.731171,11.274592,2676.163240
187,-0.706367,0.852823,18.731171,11.274592,2676.161391
188,-0.706367,0.852823,18.731171,11.274592,2676.165138
189,-0.706367,0.852823,18.731171,11.274592,2676.165193
190,-0.703709,0.848736,18.843504,11.475493,2474.421017
191,-0.703709,0.848736,18.843504,11.475493,2474.420435
192,-0.703709,0.848736,18.843504,11.475493,2474.419919
193,-0.703709,0.848736,18.843504,11.475493,2474.420996
194,-0.703709,0.848736,18.843504,11.475493,2474.421010
195,-0.702894,0.847588,18.876145,11.533875,2460.091340
196,-0.702894,0.847588,18.876145,11.533875,2460.091399
197,-0.702894,0.847588,18.876145,11.533875,2460.091463
198,-0.702894,0.847588,18.876145,11.533875,2460.091344
199,-0.702894,0.847588,18.876145,11.533875,2460.091340
200,-0.702620,0.847273,18.881036,11.542646,2459.839332
201,-0.702620,0.847273,18.881036,11.542646,2459.839334
202,-0.702620,0.847273,18.881036,11.542646,2459.839335
203,-0.702620,0.847273,18.881036,11.542646,2459.839334
204,-0.702620,0.847273,18.881036,11.542646,2459.839331
205,-0.702569,0.847207,18.882339,11.544981,2459.836149
206,-0.702569,0.847207,18.882339,11.544981,2459.836149
207,-0.702569,0.847207,18.882339,11.544981,2459.836148
208,-0.702569,0.847207,18.882339,11.544981,2459.836151
209,-0.702569,0.847207,18.882339,11.544981,2459.836149
210,-0.702565,0.847203,18.882438,11.545170,2459.835333
211,-0.702565,0.847203,18.882438,11.545170,2459.835333
212,-0.702565,0.847203,18.882438,11.545170,2459.835332
213,-0.702565,0.847203,18.882438,11.545170,2459.835334
214,-0.702565,0.847203,18.882438,11.545170,2459.835332
215,-0.702549,0.847183,18.882834,11.545923,2459.832580
216,-0.702549,0.847183,18.882834,11.545923,2459.832582
217,-0.702549,0.847183,18.882834,11.545923,2459.832583
218,-0.702549,0.847183,18.882834,11.545923,2459.832581
219,-0.702549,0.847183,18.882834,11.545923,2459.832579
220,-0.702508,0.847130,18.883886,11.548100,2459.816790
221,-0.702508,0.847130,18.883886,11.548100,2459.816799
222,-0.702508,0.847130,18.883886,11.548100,2459.816804
223,-0.702508,0.847130,18.883886,11.548100,2459.816792
224,-0.702508,0.847130,18.883886,11.548100,2459.816789
225,-0.702435,0.847035,18.885738,11.552453,2459.770255
226,-0.702435,0.847035,18.885738,11.552453,2459.770275
227,-0.702435,0.847035,18.885738,11.552453,2459.770289
228,-0.702435,0.847035,18.885738,11.552453,2459.770257
229,-0.702435,0.847035,18.885738,11.552453,2459.770255
230,-0.702353,0.846924,18.887752,11.558669,2459.659801
231,-0.702353,0.846924,18.887752,11.558669,2459.659837
232,-0.702353,0.846924,18.887752,11.558669,2459.659863
233,-0.702353,0.846924,18.887752,11.558669,2459.659803
234,-0.702353,0.846924,18.887752,11.558669,2459.659800
235,-0.702251,0.846764,18.890182,11.571139,2459.337487
236,-0.702251,0.846764,18.890182,11.571139,2459.337553
237,-0.702251,0.846764,18.890182,11.571139,2459.337600
238,-0.702251,0.846764,18.890182,11.571139,2459.337490
239,-0.702251,0.846764,18.890182,11.571139,2459.337487
240,-0.702228,0.846652,18.890343,11.591706,2458.554205
241,-0.702228,0.846652,18.890343,11.591706,2458.554316
242,-0.702228,0.846652,18.890343,11.591706,2458.554396
243,-0.702228,0.846652,18.890343,11.591706,2458.554210
244,-0.702228,0.846652,18.890343,11.591706,2458.554206
245,-0.702527,0.846799,18.881392,11.631151,2456.455690
246,-0.702527,0.846799,18.881392,11.631151,2456.455879
247,-0.702527,0.846799,18.881392,11.631151,2456.456014
248,-0.702527,0.846799,18.881392,11.631151,2456.455698
249,-0.702527,0.846799,18.881392,11.631151,2456.455692
250,-0.703857,0.847874,18.844019,11.705902,2451.142778
251,-0.703857,0.847874,18.844019,11.705902,2451.143092
252,-0.703857,0.847874,18.844019,11.705902,2451.143314
253,-0.703857,0.847874,18.844019,11.705902,2451.142790
254,-0.703857,0.847874,18.844019,11.705902,2451.142781
255,-0.708274,0.851823,18.722810,11.861362,2436.959175
256,-0.708274,0.851823,18.722810,11.861362,2436.959682
257,-0.708274,0.851823,18.722810,11.861362,2436.960036
258,-0.708274,0.851823,18.722810,11.861362,2436.959192
259,-0.708274,0.851823,18.722810,11.861362,2436.959180
260,-0.723495,0.866141,18.308935,12.240171,2395.332871
261,-0.723495,0.866141,18.308935,12.240171,2395.333639
262,-0.723495,0.866141,18.308935,12.240171,2395.334097
263,-0.723495,0.866141,18.308935,12.240171,2395.332894
264,-0.723495,0.866141,18.308935,12.240171,2395.332879
265,-1.025598,1.154748,10.111698,18.913882,13767.875380
266,-1.025598,1.154748,10.111698,18.913882,13767.870442
267,-1.025598,1.154748,10.111698,18.913882,13767.867579
268,-1.025598,1.154748,10.111698,18.913882,13767.875199
269,-1.025598,1.154748,10.111698,18.913882,13767.875294
270,-0.731001,0.873312,18.105271,12.405982,2370.308335
271,-0.731001,0.873312,18.105271,12.405982,2370.309126
272,-0.731001,0.873312,18.105271,12.405982,2370.309532
273,-0.731001,0.873312,18.105271,12.405982,2370.308356
274,-0.731001,0.873312,18.105271,12.405982,2370.308343
275,-0.764036,0.904871,17.208899,13.135757,2336.526127
276,-0.764036,0.904871,17.208899,13.135757,2336.526056
277,-0.764036,0.904871,17.208899,13.135757,2336.525426
278,-0.764036,0.904871,17.208899,13.135757,2336.526102
279,-0.764036,0.904871,17.208899,13.135757,2336.526125
280,-0.750649,0.893040,17.573845,12.688860,2301.512034
281,-0.750649,0.893040,17.573845,12.688860,2301.512716
282,-0.750649,0.893040,17.573845,12.688860,2301.512777
283,-0.750649,0.893040,17.573845,12.688860,2301.512040
284,-0.750649,0.893040,17.573845,12.688860,2301.512039
285,-0.758364,0.901528,17.367479,12.676101,2276.778539
286,-0.758364,0.901528,17.367479,12.676101,2276.779008
287,-0.758364,0.901528,17.367479,12.676101,2276.778771
288,-0.758364,0.901528,17.367479,12.676101,2276.778532
289,-0.758364,0.901528,17.367479,12.676101,2276.778541
290,-0.762191,0.905612,17.272039,12.663742,2266.864173
291,-0.762191,0.905612,17.272039,12.663742,2266.864324
292,-0.762191,0.905612,17.272039,12.663742,2266.863836
293,-0.762191,0.905612,17.272039,12.663742,2266.864153
294,-0.762191,0.905612,17.272039,12.663742,2266.864171
295,-0.762157,0.905787,17.287096,12.579773,2254.816194
296,-0.762157,0.905787,17.287096,12.579773,2254.816165
297,-0.762157,0.905787,17.287096,12.579773,2254.815625
298,-0.762157,0.905787,17.287096,12.579773,2254.816172
299,-0.762157,0.905787,17.287096,12.579773,2254.816190
300,-0.763139,0.906522,17.292791,12.526862,2233.539165
301,-0.763139,0.906522,17.292791,12.526862,2233.538784
302,-0.763139,0.906522,17.292791,12.526862,2233.538188
303,-0.763139,0.906522,17.292791,12.526862,2233.539139
304,-0.763139,0.906522,17.292791,12.526862,2233.539158
305,-0.767668,0.910576,17.208314,12.565958,2210.066456
306,-0.767668,0.910576,17.208314,12.565958,2210.065851
307,-0.767668,0.910576,17.208314,12.565958,2210.065272
308,-0.767668,0.910576,17.208314,12.565958,2210.066430
309,-0.767668,0.910576,17.208314,12.565958,2210.066448
310,-0.786041,0.928236,16.791692,12.784310,2162.487256
311,-0.786041,0.928236,16.791692,12.784310,2162.486178
312,-0.786041,0.928236,16.791692,12.784310,2162.485418
313,-0.786041,0.928236,16.791692,12.784310,2162.487219
314,-0.786041,0.928236,16.791692,12.784310,2162.487243
315,-0.802722,0.943323,16.447557,13.091466,2102.395002
316,-0.802722,0.943323,16.447557,13.091466,2102.394487
317,-0.802722,0.943323,16.447557,13.091466,2102.394427
318,-0.802722,0.943323,16.447557,13.091466,2102.394999
319,-0.802722,0.943323,16.447557,13.091466,2102.394998
320,-0.847662,0.986960,15.392665,13.751748,2161.637521
321,-0.847662,0.986960,15.392665,13.751748,2161.634689
322,-0.847662,0.986960,15.392665,13.751748,2161.632890
323,-0.847662,0.986960,15.392665,13.751748,2161.637425
324,-0.847662,0.986960,15.392665,13.751748,2161.637487
325,-0.821491,0.961549,16.006971,13.367239,2059.832651
326,-0.821491,0.961549,16.006971,13.367239,2059.831501
327,-0.821491,0.961549,16.006971,13.367239,2059.830931
328,-0.821491,0.961549,16.006971,13.367239,2059.832622
329,-0.821491,0.961549,16.006971,13.367239,2059.832640
330,-0.843598,0.983528,15.475323,13.707519,2014.047925
331,-0.843598,0.983528,15.475323,13.707519,2014.046773
332,-0.843598,0.983528,15.475323,13.707519,2014.045918
333,-0.843598,0.983528,15.475323,13.707519,2014.047881
334,-0.843598,0.983528,15.475323,13.707519,2014.047911
335,-0.840788,0.981530,15.518830,13.685327,2008.230300
336,-0.840788,0.981530,15.518830,13.685327,2008.231179
337,-0.840788,0.981530,15.518830,13.685327,2008.231412
338,-0.840788,0.981530,15.518830,13.685327,2008.230315
339,-0.840788,0.981530,15.518830,13.685327,2008.230308
340,-0.850688,0.990826,15.322215,13.777502,1967.250141
341,-0.850688,0.990826,15.322215,13.777502,1967.250016
342,-0.850688,0.990826,15.322215,13.777502,1967.249747
343,-0.850688,0.990826,15.322215,13.777502,1967.250129
344,-0.850688,0.990826,15.322215,13.777502,1967.250139
345,-0.867117,1.006695,14.986077,13.935579,1948.199064
346,-0.867117,1.006695,14.986077,13.935579,1948.198046
347,-0.867117,1.006695,14.986077,13.935579,1948.197317
348,-0.867117,1.006695,14.986077,13.935579,1948.199025
349,-0.867117,1.006695,14.986077,13.935579,1948.199051
350,-0.868262,1.007820,14.987660,13.893201,1924.917817
351,-0.868262,1.007820,14.987660,13.893201,1924.917107
352,-0.868262,1.007820,14.987660,13.893201,1924.916692
353,-0.868262,1.007820,14.987660,13.893201,1924.917795
354,-0.868262,1.007820,14.987660,13.893201,1924.917810
355,-0.884661,1.024199,14.667321,13.991075,1884.328731
356,-0.884661,1.024199,14.667321,13.991075,1884.328092
357,-0.884661,1.024199,14.667321,13.991075,1884.327769
358,-0.884661,1.024199,14.667321,13.991075,1884.328713
359,-0.884661,1.024199,14.667321,13.991075,1884.328724
360,-0.923616,1.061816,13.864293,14.512877,1848.697478
361,-0.923616,1.061816,13.864293,14.512877,1848.696116
362,-0.923616,1.061816,13.864293,14.512877,1848.695296
363,-0.923616,1.061816,13.864293,14.512877,1848.697430
364,-0.923616,1.061816,13.864293,14.512877,1848.697460
365,-0.929532,1.067742,13.744512,14.627662,1826.710397
366,-0.929532,1.067742,13.744512,14.627662,1826.711383
367,-0.929532,1.067742,13.744512,14.627662,1826.711785
368,-0.929532,1.067742,13.744512,14.627662,1826.710424
369,-0.929532,1.067742,13.744512,14.627662,1826.710410
370,-0.942932,1.081167,13.504554,14.658033,1779.286698
371,-0.942932,1.081167,13.504554,14.658033,1779.286470
372,-0.942932,1.081167,13.504554,14.658033,1779.286248
373,-0.942932,1.081167,13.504554,14.658033,1779.286686
374,-0.942932,1.081167,13.504554,14.658033,1779.286695
375,-0.961793,1.100036,13.172089,14.721833,1772.612215
376,-0.961793,1.100036,13.172089,14.721833,1772.610799
377,-0.961793,1.100036,13.172089,14.721833,1772.610004
378,-0.961793,1.100036,13.172089,14.721833,1772.612165
379,-0.961793,1.100036,13.172089,14.721833,1772.612195
380,-0.952143,1.090381,13.342199,14.689189,1766.675652
381,-0.952143,1.090381,13.342199,14.689189,1766.674944
382,-0.952143,1.090381,13.342199,14.689189,1766.674494
383,-0.952143,1.090381,13.342199,14.689189,1766.675625
384,-0.952143,1.090381,13.342199,14.689189,1766.675642
385,-0.957304,1.095988,13.293477,14.568555,1749.447385
386,-0.957304,1.095988,13.293477,14.568555,1749.446648
387,-0.957304,1.095988,13.293477,14.568555,1749.446329
388,-0.957304,1.095988,13.293477,14.568555,1749.447365
389,-0.957304,1.095988,13.293477,14.568555,1749.447376
390,-0.972157,1.110972,13.013549,14.672310,1734.892854
391,-0.972157,1.110972,13.013549,14.672310,1734.891843
392,-0.972157,1.110972,13.013549,14.672310,1734.891295
393,-0.972157,1.110972,13.013549,14.672310,1734.892819
394,-0.972157,1.110972,13.013549,14.672310,1734.892839
395,-0.981945,1.121058,12.828034,14.748934,1709.230044
396,-0.981945,1.121058,12.828034,14.748934,1709.229998
397,-0.981945,1.121058,12.828034,14.748934,1709.229821
398,-0.981945,1.121058,12.828034,14.748934,1709.230034
399,-0.981945,1.121058,12.828034,14.748934,1709.230041
400,-1.000122,1.139018,12.505418,14.890186,1691.028612
401,-1.000122,1.139018,12.505418,14.890186,1691.028213
402,-1.000122,1.139018,12.505418,14.890186,1691.027838
403,-1.000122,1.139018,12.505419,14.890186,1691.028587
404,-1.000122,1.139018,12.505418,14.890186,1691.028603
405,-1.030482,1.168300,11.985648,15.180687,1659.180152
406,-1.030482,1.168300,11.985648,15.180687,1659.179142
407,-1.030482,1.168300,11.985648,15.180687,1659.178563
408,-1.030482,1.168300,11.985648,15.180687,1659.180112
409,-1.030482,1.168300,11.985648,15.180687,1659.180135
410,-1.042856,1.179322,11.791077,15.387587,1640.385749
411,-1.042856,1.179322,11.791077,15.387587,1640.386062
412,-1.042856,1.179322,11.791077,15.387587,1640.386303
413,-1.042856,1.179322,11.791077,15.387587,1640.385767
414,-1.042856,1.179322,11.791077,15.387587,1640.385757
415,-1.060256,1.196563,11.495682,15.503754,1620.337126
416,-1.060256,1.196563,11.495682,15.503754,1620.336364
417,-1.060256,1.196563,11.495682,15.503754,1620.336063
418,-1.060256,1.196563,11.495682,15.503754,1620.337105
419,-1.060256,1.196563,11.495682,15.503754,1620.337117
420,-1.063018,1.199556,11.452168,15.496857,1611.701654
421,-1.063018,1.199556,11.452168,15.496857,1611.701034
422,-1.063018,1.199556,11.452168,15.496857,1611.700764
423,-1.063018,1.199556,11.452168,15.496857,1611.701635
424,-1.063018,1.199556,11.452168,15.496857,1611.701646
425,-1.087289,1.224476,11.079211,15.535900,1588.802596
426,-1.087289,1.224476,11.079211,15.535900,1588.801684
427,-1.087289,1.224476,11.079211,15.535900,1588.801204
428,-1.087289,1.224476,11.079211,15.535900,1588.802560
429,-1.087289,1.224476,11.079211,15.535900,1588.802580
430,-1.084309,1.222680,11.172015,15.350624,1601.131231
431,-1.084309,1.222680,11.172015,15.350624,1601.132478
432,-1.084309,1.222680,11.172015,15.350624,1601.132927
433,-1.084309,1.222680,11.172015,15.350624,1601.131266
434,-1.084309,1.222680,11.172015,15.350624,1601.131248
435,-1.086066,1.223739,11.117297,15.459864,1577.434267
436,-1.086066,1.223739,11.117297,15.459864,1577.434227
437,-1.086066,1.223739,11.117297,15.459864,1577.434122
438,-1.086066,1.223739,11.117297,15.459864,1577.434260
439,-1.086066,1.223739,11.117297,15.459864,1577.434264
440,-1.101739,1.239046,10.869468,15.582760,1561.685009
441,-1.101739,1.239046,10.869468,15.582760,1561.684804
442,-1.101739,1.239046,10.869468,15.582760,1561.684637
443,-1.101739,1.239046,10.869468,15.582760,1561.684997
444,-1.101739,1.239046,10.869468,15.582760,1561.685004
445,-1.158892,1.294778,9.975733,16.031044,1605.133913
446,-1.158892,1.294778,9.975733,16.031044,1605.131368
447,-1.158892,1.294778,9.975733,16.031044,1605.130261
448,-1.158892,1.294778,9.975733,16.031044,1605.133823
449,-1.158892,1.294778,9.975733,16.031044,1605.133868
450,-1.122581,1.259370,10.543549,15.746236,1546.887458
451,-1.122581,1.259370,10.543549,15.746236,1546.886821
452,-1.122581,1.259370,10.543549,15.746236,1546.886486
453,-1.122581,1.259370,10.543549,15.746236,1546.887432
454,-1.122581,1.259370,10.543549,15.746236,1546.887446
455,-1.145306,1.280882,10.188189,15.997631,1530.049307
456,-1.145306,1.280882,10.188189,15.997631,1530.048751
457,-1.145306,1.280882,10.188189,15.997631,1530.048540
458,-1.145306,1.280882,10.188189,15.997631,1530.049291
459,-1.145306,1.280882,10.188189,15.997631,1530.049300
460,-1.158995,1.294625,9.998589,16.032097,1520.888899
461,-1.158995,1.294625,9.998589,16.032097,1520.887966
462,-1.158995,1.294625,9.998589,16.032097,1520.887612
463,-1.158995,1.294625,9.998589,16.032097,1520.888871
464,-1.158995,1.294625,9.998589,16.032097,1520.888885
465,-1.176975,1.313195,9.797651,15.964867,1497.595070
466,-1.176975,1.313195,9.797651,15.964867,1497.594646
467,-1.176975,1.313195,9.797651,15.964867,1497.594563
468,-1.176975,1.313195,9.797651,15.964867,1497.595063
469,-1.176975,1.313195,9.797651,15.964867,1497.595065
470,-1.201148,1.337062,9.444872,16.110277,1497.192108
471,-1.201148,1.337062,9.444872,16.110277,1497.190635
472,-1.201148,1.337062,9.444872,16.110277,1497.190120
473,-1.201148,1.337062,9.444872,16.110277,1497.192064
474,-1.201148,1.337062,9.444872,16.110277,1497.192084
475,-1.186457,1.322557,9.659265,16.021908,1492.590786
476,-1.186457,1.322557,9.659265,16.021908,1492.590040
477,-1.186457,1.322557,9.659265,16.021908,1492.589822
478,-1.186457,1.322557,9.659265,16.021908,1492.590767
479,-1.186457,1.322557,9.659265,16.021908,1492.590775
480,-1.216344,1.351767,9.208325,16.270391,1476.879455
481,-1.216344,1.351767,9.208325,16.270391,1476.878345
482,-1.216344,1.351767,9.208325,16.270391,1476.877942
483,-1.216344,1.351767,9.208325,16.270391,1476.879420
484,-1.216344,1.351767,9.208325,16.270391,1476.879436
485,-1.223291,1.358271,9.080487,16.409399,1466.695063
486,-1.223291,1.358271,9.080487,16.409399,1466.695156
487,-1.223291,1.358271,9.080487,16.409399,1466.695163
488,-1.223291,1.358271,9.080487,16.409399,1466.695065
489,-1.223291,1.358271,9.080487,16.409399,1466.695065
490,-1.234547,1.369793,8.938310,16.412316,1456.536789
491,-1.234547,1.369793,8.938310,16.412316,1456.536510
492,-1.234547,1.369793,8.938310,16.412316,1456.536351
493,-1.234547,1.369793,8.938310,16.412316,1456.536776
494,-1.234547,1.369793,8.938310,16.412316,1456.536784
495,-1.251255,1.386854,8.733480,16.415613,1450.731369
496,-1.251255,1.386854,8.733480,16.415613,1450.730616
497,-1.251255,1.386854,8.733480,16.415613,1450.730262
498,-1.251255,1.386854,8.733480,16.415613,1450.731337
499,-1.251255,1.386854,8.733480,16.415613,1450.731353
500,-1.246695,1.382618,8.824982,16.323694,1443.924998
501,-1.246695,1.382618,8.824982,16.323694,1443.924842
502,-1.246695,1.382618,8.824982,16.323694,1443.924747
503,-1.246695,1.382618,8.824982,16.323694,1443.924990
504,-1.246695,1.382618,8.824982,16.323694,1443.924994
505,-1.259022,1.394553,8.652694,16.421106,1435.168193
506,-1.259022,1.394553,8.652694,16.421106,1435.168002
507,-1.259022,1.394553,8.652694,16.421106,1435.167910
508,-1.259022,1.394553,8.652694,16.421106,1435.168185
509,-1.259022,1.394553,8.652694,16.421106,1435.168189
510,-1.398463,1.534075,6.665708,17.274307,2410.028342
511,-1.398463,1.534075,6.665708,17.274307,2410.023517
512,-1.398463,1.534075,6.665708,17.274307,2410.021560
513,-1.398463,1.534075,6.665708,17.274307,2410.028141
514,-1.398463,1.534075,6.665708,17.274307,2410.028226
515,-1.267928,1.403464,8.525780,16.475602,1431.193031
516,-1.267928,1.403464,8.525780,16.475602,1431.192929
517,-1.267928,1.403464,8.525780,16.475602,1431.192826
518,-1.267928,1.403464,8.525780,16.475602,1431.193022
519,-1.267928,1.403464,8.525780,16.475602,1431.193027
520,-1.326517,1.461094,7.755418,16.786038,1493.505760
521,-1.326516,1.461094,7.755418,16.786038,1493.502933
522,-1.326517,1.461094,7.755418,16.786038,1493.501920
523,-1.326517,1.461094,7.755418,16.786038,1493.505662
524,-1.326517,1.461094,7.755418,16.786038,1493.505704
525,-1.283617,1.418897,8.319486,16.558733,1424.472421
526,-1.283617,1.418897,8.319486,16.558733,1424.471942
527,-1.283617,1.418897,8.319486,16.558733,1424.471716
528,-1.283617,1.418897,8.319486,16.558733,1424.472401
529,-1.283617,1.418897,8.319486,16.558733,1424.472411
530,-1.311827,1.446354,7.941668,16.753747,1413.193239
531,-1.311827,1.446354,7.941668,16.753747,1413.192515
532,-1.311827,1.446354,7.941668,16.753747,1413.192235
533,-1.311827,1.446354,7.941668,16.753747,1413.193213
534,-1.311827,1.446354,7.941668,16.753747,1413.193225
535,-1.319563,1.453676,7.843824,16.823306,1406.341430
536,-1.319563,1.453676,7.843824,16.823306,1406.341526
537,-1.319563,1.453676,7.843824,16.823306,1406.341575
538,-1.319563,1.453676,7.843824,16.823306,1406.341436
539,-1.319563,1.453676,7.843824,16.823306,1406.341434
540,-1.343220,1.477389,7.563078,16.879482,1393.580403
541,-1.343220,1.477389,7.563078,16.879482,1393.579783
542,-1.343220,1.477389,7.563078,16.879482,1393.579583
543,-1.343220,1.477389,7.563078,16.879482,1393.580384
544,-1.343220,1.477389,7.563078,16.879482,1393.580392
545,-1.354527,1.489051,7.444809,16.861899,1387.197689
546,-1.354527,1.489051,7.444809,16.861899,1387.196956
547,-1.354527,1.489051,7.444809,16.861899,1387.196698
548,-1.354527,1.489051,7.444809,16.861899,1387.197664
549,-1.354527,1.489051,7.444809,16.861899,1387.197674
550,-1.352842,1.488155,7.507449,16.741660,1386.242822
551,-1.352842,1.488155,7.507449,16.741660,1386.243281
552,-1.352842,1.488155,7.507449,16.741660,1386.243395
553,-1.352842,1.488155,7.507449,16.741660,1386.242834
554,-1.352842,1.488155,7.507449,16.741660,1386.242829
555,-1.353654,1.488587,7.477272,16.799585,1382.405888
556,-1.353654,1.488587,7.477272,16.799585,1382.405764
557,-1.353654,1.488587,7.477272,16.799585,1382.405696
558,-1.353654,1.488587,7.477272,16.799585,1382.405882
559,-1.353654,1.488587,7.477272,16.799585,1382.405884
560,-1.372921,1.507669,7.244711,16.881298,1374.528390
561,-1.372921,1.507669,7.244711,16.881298,1374.528006
562,-1.372921,1.507669,7.244711,16.881298,1374.527854
563,-1.372921,1.507669,7.244711,16.881298,1374.528375
564,-1.372921,1.507669,7.244711,16.881298,1374.528381
565,-1.410887,1.544996,6.778972,17.080507,1373.335725
566,-1.410887,1.544996,6.778972,17.080507,1373.334404
567,-1.410887,1.544996,6.778972,17.080507,1373.333964
568,-1.410887,1.544996,6.778972,17.080507,1373.335679
569,-1.410887,1.544996,6.778972,17.080507,1373.335697
570,-1.387691,1.522190,7.063527,16.958796,1369.340132
571,-1.387691,1.522190,7.063527,16.958796,1369.339547
572,-1.387691,1.522190,7.063527,16.958796,1369.339335
573,-1.387691,1.522190,7.063527,16.958796,1369.340111
574,-1.387691,1.522190,7.063527,16.958796,1369.340120
575,-1.412770,1.546538,6.746812,17.133904,1358.685171
576,-1.412770,1.546538,6.746812,17.133904,1358.684644
577,-1.412770,1.546538,6.746812,17.133904,1358.684475
578,-1.412770,1.546538,6.746812,17.133904,1358.685153
579,-1.412770,1.546538,6.746812,17.133904,1358.685161
580,-1.427923,1.561491,6.567581,17.207700,1351.303264
581,-1.427923,1.561491,6.567581,17.207700,1351.302937
582,-1.427923,1.561491,6.567581,17.207700,1351.302830
583,-1.427923,1.561491,6.567581,17.207700,1351.303253
584,-1.427923,1.561491,6.567581,17.207700,1351.303258
585,-1.481189,1.614464,5.956345,17.402156,1388.559479
586,-1.481189,1.614464,5.956345,17.402156,1388.557095
587,-1.481189,1.614464,5.956345,17.402156,1388.556338
588,-1.481189,1.614464,5.956345,17.402156,1388.559395
589,-1.481189,1.614464,5.956345,17.402156,1388.559427
590,-1.441972,1.575462,6.406373,17.258986,1347.479229
591,-1.441972,1.575462,6.406373,17.258986,1347.478646
592,-1.441972,1.575462,6.406373,17.258986,1347.478453
593,-1.441972,1.575462,6.406373,17.258986,1347.479209
594,-1.441972,1.575462,6.406373,17.258986,1347.479217
595,-1.481054,1.614404,5.975067,17.384533,1334.441489
596,-1.481054,1.614404,5.975067,17.384533,1334.440654
597,-1.481054,1.614404,5.975067,17.384533,1334.440373
598,-1.481054,1.614404,5.975067,17.384533,1334.441459
599,-1.481054,1.614404,5.975067,17.384533,1334.441471
600,-1.488686,1.622068,5.913824,17.383085,1324.164252
601,-1.488686,1.622068,5.913824,17.383085,1324.164703
602,-1.488686,1.622068,5.913824,17.383085,1324.164831
603,-1.488686,1.622068,5.913824,17.383085,1324.164267
604,-1.488686,1.622068,5.913824,17.383085,1324.164261
605,-1.530707,1.663756,5.453342,17.533886,1317.834267
606,-1.530707,1.663756,5.453342,17.533886,1317.833315
607,-1.530707,1.663756,5.453342,17.533886,1317.833025
608,-1.530707,1.663756,5.453342,17.533886,1317.834234
609,-1.530707,1.663756,5.453342,17.533886,1317.834246
610,-1.505379,1.638628,5.730902,17.442989,1315.414377
611,-1.505379,1.638628,5.730902,17.442989,1315.414490
612,-1.505379,1.638628,5.730902,17.442989,1315.414515
613,-1.505379,1.638628,5.730902,17.442989,1315.414381
614,-1.505379,1.638628,5.730902,17.442989,1315.414380
615,-1.618006,1.751456,4.573264,17.666865,2044.111518
616,-1.618006,1.751456,4.573264,17.666865,2044.104992
617,-1.618006,1.751456,4.573264,17.666865,2044.103196
618,-1.618006,1.751456,4.573264,17.666865,2044.111294
619,-1.618006,1.751456,4.573264,17.666865,2044.111367
620,-1.512257,1.645519,5.660203,17.456662,1312.642114
621,-1.512257,1.645519,5.660203,17.456662,1312.642026
622,-1.512257,1.645519,5.660203,17.456662,1312.641989
623,-1.512257,1.645519,5.660203,17.456662,1312.642111
624,-1.512257,1.645519,5.660203,17.456662,1312.642113
625,-1.545096,1.678278,5.319497,17.539154,1318.790418
626,-1.545096,1.678278,5.319497,17.539154,1318.789094
627,-1.545096,1.678278,5.319497,17.539154,1318.788702
628,-1.545096,1.678278,5.319497,17.539154,1318.790372
629,-1.545096,1.678278,5.319497,17.539154,1318.790389
630,-1.524770,1.658001,5.530380,17.488095,1309.777092
631,-1.524770,1.658001,5.530380,17.488095,1309.776666
632,-1.524770,1.658001,5.530380,17.488095,1309.776531
633,-1.524770,1.658001,5.530380,17.488095,1309.777077
634,-1.524770,1.658001,5.530380,17.488095,1309.777083
635,-1.533341,1.666580,5.445779,17.502902,1307.760561
636,-1.533341,1.666580,5.445779,17.502902,1307.759989
637,-1.533341,1.666580,5.445779,17.502902,1307.759814
638,-1.533341,1.666580,5.445779,17.502902,1307.760541
639,-1.533341,1.666580,5.445779,17.502902,1307.760548
640,-1.546220,1.679563,5.329177,17.506916,1302.550940
641,-1.546220,1.679563,5.329177,17.506916,1302.550361
642,-1.546220,1.679563,5.329177,17.506916,1302.550192
643,-1.546220,1.679563,5.329177,17.506916,1302.550920
644,-1.546220,1.679563,5.329177,17.506916,1302.550927
645,-1.547275,1.685145,5.296441,17.283512,1689.303032
646,-1.547275,1.685145,5.296441,17.283512,1689.305034
647,-1.547275,1.685145,5.296441,17.283512,1689.305004
648,-1.547275,1.685145,5.296441,17.283512,1689.303031
649,-1.547275,1.685145,5.296441,17.283512,1689.303041
650,-1.546230,1.679620,5.328839,17.504614,1302.493494
651,-1.546230,1.679620,5.328839,17.504614,1302.492946
652,-1.546230,1.679620,5.328839,17.504614,1302.492778
653,-1.546230,1.679620,5.328839,17.504614,1302.493475
654,-1.546230,1.679620,5.328839,17.504614,1302.493482
655,-1.556929,1.690458,5.242695,17.492992,1296.568460
656,-1.556929,1.690458,5.242695,17.492992,1296.568263
657,-1.556929,1.690458,5.242695,17.492992,1296.568208
658,-1.556929,1.690458,5.242695,17.492992,1296.568454
659,-1.556929,1.690458,5.242695,17.492992,1296.568456
660,-1.579645,1.713212,5.027349,17.526131,1294.591451
661,-1.579645,1.713212,5.027349,17.526131,1294.590730
662,-1.579645,1.713212,5.027349,17.526131,1294.590535
663,-1.579645,1.713212,5.027349,17.526131,1294.591427
664,-1.579645,1.713212,5.027349,17.526131,1294.591434
665,-1.580417,1.713930,5.018583,17.536713,1290.210343
666,-1.580417,1.713930,5.018583,17.536713,1290.210127
667,-1.580417,1.713930,5.018583,17.536713,1290.210075
668,-1.580417,1.713930,5.018583,17.536713,1290.210337
669,-1.580417,1.713930,5.018583,17.536713,1290.210338
670,-1.601688,1.735072,4.806756,17.600188,1285.980037
671,-1.601688,1.735072,4.806756,17.600188,1285.979855
672,-1.601688,1.735072,4.806756,17.600188,1285.979812
673,-1.601688,1.735072,4.806756,17.600188,1285.980032
674,-1.601688,1.735072,4.806756,17.600188,1285.980033
675,-1.784585,1.920962,3.361325,17.359197,4021.926705
676,-1.784585,1.920962,3.361325,17.359197,4021.918701
677,-1.784585,1.920962,3.361325,17.359197,4021.916839
678,-1.784585,1.920962,3.361325,17.359197,4021.926436
679,-1.784585,1.920962,3.361325,17.359197,4021.926509
680,-1.603145,1.736553,4.795240,17.598268,1285.721012
681,-1.603145,1.736553,4.795240,17.598268,1285.720815
682,-1.603145,1.736553,4.795240,17.598268,1285.720769
683,-1.603145,1.736553,4.795240,17.598268,1285.721006
684,-1.603145,1.736553,4.795240,17.598268,1285.721008
685,-1.627797,1.761264,4.563505,17.641911,1282.683859
686,-1.627797,1.761264,4.563505,17.641911,1282.683370
687,-1.627797,1.761264,4.563505,17.641911,1282.683234
688,-1.627797,1.761264,4.563505,17.641911,1282.683842
689,-1.627797,1.761264,4.563505,17.641911,1282.683847
690,-1.636909,1.770278,4.470578,17.679441,1278.827553
691,-1.636909,1.770278,4.470578,17.679441,1278.827347
692,-1.636909,1.770278,4.470578,17.679441,1278.827282
693,-1.636909,1.770278,4.470578,17.679441,1278.827545
694,-1.636909,1.770278,4.470578,17.679441,1278.827548
695,-1.701821,1.834403,3.807624,17.939627,1296.246217
696,-1.701821,1.834403,3.807624,17.939627,1296.244376
697,-1.701821,1.834403,3.807624,17.939627,1296.243885
698,-1.701821,1.834403,3.807624,17.939627,1296.246153
699,-1.701821,1.834403,3.807624,17.939627,1296.246172
700,-1.658406,1.791514,4.251032,17.765605,1275.187998
701,-1.658406,1.791514,4.251032,17.765605,1275.187585
702,-1.658406,1.791514,4.251032,17.765605,1275.187463
703,-1.658406,1.791514,4.251032,17.765605,1275.187983
704,-1.658406,1.791514,4.251032,17.765605,1275.187987
705,-1.685300,1.817723,3.959977,17.922709,1269.771983
706,-1.685300,1.817723,3.959977,17.922709,1269.771713
707,-1.685300,1.817723,3.959977,17.922709,1269.771642
708,-1.685300,1.817723,3.959977,17.922709,1269.771974
709,-1.685300,1.817723,3.959977,17.922709,1269.771977
710,-1.703879,1.836216,3.789647,17.965412,1267.898421
711,-1.703879,1.836216,3.789647,17.965412,1267.897809
712,-1.703879,1.836216,3.789647,17.965412,1267.897657
713,-1.703879,1.836216,3.789647,17.965412,1267.898401
714,-1.703879,1.836216,3.789647,17.965412,1267.898408
715,-1.725942,1.858302,3.610672,17.984355,1260.558965
716,-1.725942,1.858302,3.610672,17.984355,1260.558583
717,-1.725942,1.858302,3.610672,17.984355,1260.558507
718,-1.725942,1.858302,3.610672,17.984355,1260.558955
719,-1.725942,1.858302,3.610672,17.984355,1260.558958
720,-1.746686,1.879023,3.420886,18.035224,1256.526536
721,-1.746686,1.879023,3.420886,18.035224,1256.526125
722,-1.746686,1.879023,3.420886,18.035224,1256.526026
723,-1.746686,1.879023,3.420886,18.035224,1256.526523
724,-1.746686,1.879023,3.420886,18.035224,1256.526526
725,-1.821910,1.953734,2.799687,18.164628,1268.822246
726,-1.821910,1.953734,2.799687,18.164628,1268.820327
727,-1.821910,1.953735,2.799687,18.164628,1268.819962
728,-1.821910,1.953734,2.799687,18.164628,1268.822193
729,-1.821910,1.953734,2.799687,18.164628,1268.822205
730,-1.777483,1.909610,3.166564,18.088203,1251.357546
731,-1.777483,1.909610,3.166564,18.088203,1251.357125
732,-1.777483,1.909610,3.166564,18.088203,1251.357063
733,-1.777483,1.909610,3.166564,18.088203,1251.357538
734,-1.777483,1.909610,3.166564,18.088203,1251.357539
735,-1.671692,1.824257,5.329093,15.216457,6565.278016
736,-1.671692,1.824257,5.329093,15.216457,6565.287418
737,-1.671692,1.824257,5.329093,15.216457,6565.289373
738,-1.671692,1.824257,5.329093,15.216457,6565.278297
739,-1.671692,1.824257,5.329093,15.216457,6565.278201
740,-1.776266,1.908628,3.191444,18.055163,1250.424936
741,-1.776266,1.908628,3.191444,18.055163,1250.424729
742,-1.776266,1.908628,3.191444,18.055163,1250.424707
743,-1.776266,1.908628,3.191444,18.055163,1250.424933
744,-1.776266,1.908628,3.191444,18.055163,1250.424933
745,-1.818702,1.951128,2.809887,18.153029,1255.941923
746,-1.818702,1.951128,2.809887,18.153029,1255.940724
747,-1.818702,1.951128,2.809887,18.153029,1255.940416
748,-1.818702,1.951128,2.809887,18.153029,1255.941879
749,-1.818702,1.951128,2.809887,18.153029,1255.941891
750,-1.792819,1.925206,3.042612,18.093337,1247.730329
751,-1.792819,1.925206,3.042612,18.093337,1247.729911
752,-1.792819,1.925206,3.042612,18.093337,1247.729818
753,-1.792819,1.925206,3.042612,18.093337,1247.730316
754,-1.792819,1.925206,3.042612,18.093337,1247.730319
755,-1.842066,1.973628,2.533615,18.353265,1246.509105
756,-1.842066,1.973628,2.533615,18.353265,1246.508830
757,-1.842066,1.973628,2.533615,18.353265,1246.508723
758,-1.842066,1.973628,2.533615,18.353265,1246.509090
759,-1.842066,1.973628,2.533615,18.353265,1246.509095
760,-1.821514,1.953429,2.752923,18.237901,1242.754573
761,-1.821514,1.953429,2.752923,18.237901,1242.754780
762,-1.821514,1.953430,2.752923,18.237901,1242.754812
763,-1.821514,1.953429,2.752923,18.237901,1242.754578
764,-1.821514,1.953429,2.752923,18.237901,1242.754577
765,-1.829680,1.962107,2.754681,18.128000,1245.495878
766,-1.829680,1.962107,2.754681,18.128000,1245.495111
767,-1.829680,1.962107,2.754681,18.128000,1245.494952
768,-1.829680,1.962107,2.754681,18.128000,1245.495855
769,-1.829680,1.962107,2.754681,18.128000,1245.495860
770,-1.824702,1.956817,2.753609,18.195000,1240.924764
771,-1.824702,1.956817,2.753609,18.195000,1240.924608
772,-1.824702,1.956817,2.753609,18.195000,1240.924569
773,-1.824702,1.956817,2.753609,18.195000,1240.924759
774,-1.824702,1.956817,2.753609,18.195000,1240.924760
775,-1.839495,1.971514,2.624345,18.233905,1239.188442
776,-1.839495,1.971514,2.624345,18.233905,1239.188106
777,-1.839495,1.971514,2.624345,18.233905,1239.188024
778,-1.839495,1.971514,2.624345,18.233905,1239.188431
779,-1.839495,1.971514,2.624345,18.233905,1239.188434
780,-1.864411,1.996269,2.408855,18.298819,1237.299413
781,-1.864411,1.996269,2.408855,18.298819,1237.298815
782,-1.864411,1.996269,2.408855,18.298819,1237.298672
783,-1.864411,1.996269,2.408855,18.298819,1237.299393
784,-1.864411,1.996269,2.408855,18.298819,1237.299398
785,-1.870414,2.002190,2.355414,18.321775,1234.088299
786,-1.870414,2.002190,2.355414,18.321775,1234.088088
787,-1.870414,2.002190,2.355414,18.321775,1234.088035
788,-1.870414,2.002190,2.355414,18.321775,1234.088292
789,-1.870414,2.002190,2.355414,18.321775,1234.088294
790,-1.897801,2.029502,2.135668,18.370458,1230.372576
791,-1.897801,2.029502,2.135668,18.370458,1230.372209
792,-1.897801,2.029502,2.135668,18.370458,1230.372122
793,-1.897801,2.029502,2.135668,18.370458,1230.372564
794,-1.897801,2.029502,2.135668,18.370458,1230.372567
795,-1.918820,2.050571,1.982569,18.385488,1226.988243
796,-1.918820,2.050571,1.982569,18.385488,1226.987845
797,-1.918820,2.050571,1.982569,18.385488,1226.987758
798,-1.918820,2.050571,1.982569,18.385488,1226.988230
799,-1.918820,2.050571,1.982569,18.385488,1226.988233
800,-1.932095,2.063886,1.893273,18.389981,1224.568301
801,-1.932095,2.063886,1.893273,18.389981,1224.568533
802,-1.932095,2.063886,1.893273,18.389981,1224.568589
803,-1.932095,2.063886,1.893273,18.389981,1224.568310
804,-1.932095,2.063886,1.893273,18.389981,1224.568308
805,-2.000000,2.131524,1.350548,18.526844,1242.793528
806,-2.000000,2.131524,1.350548,18.526844,1242.791603
807,-2.000000,2.131524,1.350548,18.526844,1242.791199
808,-2.000000,2.131524,1.350548,18.526844,1242.793464
809,-2.000000,2.131524,1.350548,18.526844,1242.793477
810,-1.954029,2.085735,1.717963,18.434190,1221.011509
811,-1.954029,2.085735,1.717963,18.434190,1221.011393
812,-1.954029,2.085735,1.717963,18.434190,1221.011372
813,-1.954029,2.085735,1.717963,18.434190,1221.011506
814,-1.954029,2.085735,1.717963,18.434190,1221.011507
815,-2.000000,2.170435,1.030528,18.622603,49615.587528
816,-2.000000,2.170435,1.030528,18.622603,49615.604012
817,-2.000000,2.170435,1.030528,18.622603,49615.606948
818,-2.000000,2.170435,1.030528,18.622603,49615.587996
819,-2.000000,2.170435,1.030528,18.622603,49615.587910
820,-1.954160,2.085975,1.716015,18.434724,1224.354681
821,-1.954160,2.085975,1.716015,18.434724,1224.355409
822,-1.954160,2.085975,1.716015,18.434724,1224.355548
823,-1.954160,2.085975,1.716015,18.434724,1224.354703
824,-1.954160,2.085975,1.716015,18.434724,1224.354698
825,-1.954048,2.085769,1.717687,18.434266,1220.917875
826,-1.954048,2.085769,1.717687,18.434266,1220.917878
827,-1.954048,2.085769,1.717687,18.434266,1220.917880
828,-1.954048,2.085769,1.717687,18.434266,1220.917876
829,-1.954048,2.085769,1.717687,18.434266,1220.917876
830,-2.000000,2.131609,1.347902,18.532592,1220.417475
831,-2.000000,2.131609,1.347902,18.532592,1220.416744
832,-2.000000,2.131609,1.347902,18.532592,1220.416568
833,-2.000000,2.131609,1.347902,18.532592,1220.417447
834,-2.000000,2.131609,1.347902,18.532592,1220.417454
835,-1.968182,2.099868,1.603947,18.464509,1219.052156
836,-1.968182,2.099868,1.603947,18.464509,1219.052087
837,-1.968182,2.099868,1.603947,18.464509,1219.052067
838,-1.968182,2.099868,1.603947,18.464509,1219.052153
839,-1.968182,2.099868,1.603947,18.464509,1219.052153
840,-2.000000,2.172832,1.009896,18.633213,53779.508262
841,-2.000000,2.172832,1.009896,18.633213,53779.525307
842,-2.000000,2.172832,1.009896,18.633213,53779.528339
843,-2.000000,2.172832,1.009896,18.633213,53779.508745
844,-2.000000,2.172832,1.009896,18.633213,53779.508657
845,-1.968235,2.099989,1.602962,18.464789,1220.376604
846,-1.968235,2.099989,1.602962,18.464789,1220.377063
847,-1.968235,2.099989,1.602962,18.464789,1220.377142
848,-1.968235,2.099989,1.602962,18.464789,1220.376617
849,-1.968235,2.099989,1.602962,18.464789,1220.376614
850,-1.968189,2.099885,1.603815,18.464547,1219.019671
851,-1.968189,2.099885,1.603815,18.464547,1219.019674
852,-1.968189,2.099885,1.603815,18.464547,1219.019666
853,-1.968189,2.099885,1.603815,18.464547,1219.019670
854,-1.968189,2.099885,1.603815,18.464547,1219.019671
855,-2.000000,2.131664,1.350491,18.528755,1217.410417
856,-2.000000,2.131664,1.350491,18.528755,1217.410068
857,-2.000000,2.131664,1.350491,18.528755,1217.409965
858,-2.000000,2.131664,1.350491,18.528755,1217.410401
859,-2.000000,2.131664,1.350491,18.528755,1217.410406
860,-1.993712,2.125313,1.397711,18.524113,1216.127428
861,-1.993712,2.125313,1.397711,18.524113,1216.127412
862,-1.993712,2.125313,1.397711,18.524113,1216.127388
863,-1.993712,2.125313,1.397712,18.524113,1216.127425
864,-1.993712,2.125313,1.397711,18.524113,1216.127426
865,-2.000000,2.135668,1.313841,18.550967,4320.157593
866,-2.000000,2.135668,1.313841,18.550967,4320.167455
867,-2.000000,2.135668,1.313841,18.550967,4320.169269
868,-2.000000,2.135668,1.313841,18.550967,4320.157882
869,-2.000000,2.135668,1.313841,18.550967,4320.157828
870,-1.993717,2.125322,1.397645,18.524134,1216.125012
871,-1.993717,2.125322,1.397645,18.524134,1216.125021
872,-1.993717,2.125322,1.397645,18.524134,1216.125001
873,-1.993717,2.125322,1.397645,18.524134,1216.125009
874,-1.993717,2.125322,1.397645,18.524134,1216.125010
875,-2.000000,2.131575,1.349392,18.536436,1215.304372
876,-2.000000,2.131575,1.349392,18.536436,1215.304381
877,-2.000000,2.131575,1.349392,18.536436,1215.304363
878,-2.000000,2.131575,1.349392,18.536436,1215.304369
879,-2.000000,2.131575,1.349392,18.536436,1215.304371
880,-2.000000,2.133890,3.091837,16.262084,5055.052377
881,-2.000000,2.133890,3.091837,16.262084,5055.054982
882,-2.000000,2.133890,3.091837,16.262084,5055.056073
883,-2.000000,2.133890,3.091837,16.262084,5055.052562
884,-2.000000,2.133890,3.091837,16.262084,5055.052495
885,-2.000000,2.131597,1.366039,18.514708,1214.892448
886,-2.000000,2.131597,1.366039,18.514708,1214.892434
887,-2.000000,2.131597,1.366039,18.514708,1214.892430
888,-2.000000,2.131597,1.366039,18.514708,1214.892448
889,-2.000000,2.131597,1.366039,18.514708,1214.892448
890,-2.000000,2.258378,1.000000,18.783852,423079.954858
891,-2.000000,2.258378,1.000000,18.783852,423080.017106
892,-2.000000,2.258378,1.000000,18.783852,423080.028160
893,-2.000000,2.258378,1.000000,18.783852,423079.956598
894,-2.000000,2.258378,1.000000,18.783852,423079.956257
895,-2.000000,2.131634,1.365932,18.514786,1215.530785
896,-2.000000,2.131634,1.365932,18.514786,1215.531101
897,-2.000000,2.131634,1.365932,18.514786,1215.531159
898,-2.000000,2.131634,1.365932,18.514786,1215.530794
899,-2.000000,2.131634,1.365932,18.514786,1215.530792
900,-2.000000,2.131599,1.366034,18.514712,1214.890871
901,-2.000000,2.131599,1.366034,18.514712,1214.890873
902,-2.000000,2.131599,1.366034,18.514712,1214.890871
903,-2.000000,2.131599,1.366034,18.514712,1214.890871
904,-2.000000,2.131599,1.366034,18.514712,1214.890871
905,-2.000000,2.131571,1.361583,18.521575,1214.841822
906,-2.000000,2.131571,1.361583,18.521575,1214.841826
907,-2.000000,2.131571,1.361583,18.521575,1214.841823
908,-2.000000,2.131571,1.361583,18.521575,1214.841822
909,-2.000000,2.131571,1.361583,18.521575,1214.841822
910,-2.000000,2.131511,1.356970,18.530220,1214.803320
911,-2.000000,2.131511,1.356970,18.530220,1214.803322
912,-2.000000,2.131511,1.356970,18.530220,1214.803321
913,-2.000000,2.131511,1.356970,18.530220,1214.803320
914,-2.000000,2.131511,1.356970,18.530220,1214.803320
915,-2.000000,2.131504,1.356750,18.530826,1214.802773
916,-2.000000,2.131504,1.356750,18.530826,1214.802775
917,-2.000000,2.131504,1.356750,18.530826,1214.802773
918,-2.000000,2.131504,1.356750,18.530826,1214.802773
919,-2.000000,2.131504,1.356750,18.530826,1214.802773
920,-2.000000,2.131504,1.356695,18.530894,1214.802764
921,-2.000000,2.131504,1.356695,18.530894,1214.802765
922,-2.000000,2.131504,1.356695,18.530894,1214.802764
923,-2.000000,2.131504,1.356695,18.530894,1214.802764
924,-2.000000,2.131504,1.356695,18.530894,1214.802764
925,-2.000000,2.131504,1.356695,18.530892,1214.802764
926,-2.000000,2.131504,1.356695,18.530892,1214.802765
927,-2.000000,2.131504,1.356695,18.530892,1214.802764
928,-2.000000,2.131504,1.356695,18.530892,1214.802764
929,-2.000000,2.131504,1.356695,18.530892,1214.802764
